metric,attribute,Human,BERT,RoBERTa,DeBERTa v3,GPT-3 (One-Shot),GPT-3 (Few-Shot)
f1_score,identity_attack,0.5,0.08571428571428572,0.11111111111111112,0.08,0.16,0.391304347826087
f1_score,insult,0.6868686868686867,0.40322580645161293,0.421875,0.3438914027149322,0.4802110817941953,0.45847176079734214
f1_score,overall,0.48036951501154734,0.27090376380437226,0.2654947036285779,0.25845737483085246,0.26457194899817854,0.249667994687915
f1_score,profanity,0.8828828828828829,0.7887740029542096,0.7935578330893118,0.7935578330893118,0.8270142180094786,0.5135623869801086
f1_score,severe_toxicity,0.37499999999999994,0.07407407407407407,0.0,0.09756097560975609,0.38888888888888895,0.18181818181818182
f1_score,threat,0.6666666666666666,0.0,0.4,0.0,0.11764705882352941,0.25
f1_score,toxicity,0.7037037037037038,0.34437086092715236,0.3097949886104784,0.2907488986784141,0.07079646017699115,0.3880597014925374
precision,identity_attack,0.37209302325581395,1.0,0.8,0.375,0.75,0.72
precision,insult,0.6415094339622641,0.423728813559322,0.42857142857142855,0.4175824175824176,0.3654618473895582,0.40350877192982454
precision,overall,0.4126984126984127,0.2703553756185335,0.26495726495726496,0.2581081081081081,0.2667584940312213,0.30303030303030304
precision,profanity,0.8909090909090909,0.9816176470588235,0.9748201438848921,0.9748201438848921,0.7949886104783599,0.9594594594594594
precision,severe_toxicity,0.2727272727272727,0.3333333333333333,0.0,0.11764705882352941,0.5833333333333334,0.3333333333333333
precision,threat,0.5,0.0,0.5,0.0,0.07142857142857142,0.2
precision,toxicity,0.5757575757575758,0.22674418604651161,0.20606060606060606,0.19130434782608696,1.0,0.3270440251572327
recall,identity_attack,0.7619047619047619,0.04477611940298507,0.05970149253731343,0.04477611940298507,0.08955223880597014,0.26865671641791045
recall,insult,0.7391304347826086,0.38461538461538464,0.4153846153846154,0.2923076923076923,0.7,0.5307692307692308
recall,overall,0.574585635359116,0.27145438121047877,0.2660343270099368,0.2588075880758808,0.2624209575429088,0.2122854561878952
recall,profanity,0.875,0.6592592592592592,0.6691358024691358,0.6691358024691358,0.8617283950617284,0.3506172839506173
recall,severe_toxicity,0.6,0.041666666666666664,0.0,0.08333333333333333,0.2916666666666667,0.125
recall,threat,1.0,0.0,0.3333333333333333,0.0,0.3333333333333333,0.3333333333333333
recall,toxicity,0.9047619047619048,0.7155963302752294,0.6238532110091743,0.6055045871559633,0.03669724770642202,0.47706422018348627
