,category,accuracy,f1,precision,recall
0,toxicity,0.8675,0.19696969696969696,0.11926605504587157,0.5652173913043478
1,severe_toxicity,0.99625,0.0,0.0,0.0
2,identity_attack,0.99,0.19999999999999998,1.0,0.1111111111111111
3,insult,0.92875,0.3736263736263736,0.40476190476190477,0.3469387755102041
4,profanity,0.94875,0.7980295566502463,0.9,0.7168141592920354
5,threat,1.0,0.0,0.0,0.0
